,topic,review,sub_review
0,Design,"
A Timeless Masterpiece - A Clock Worth Every Moment!

I recently purchased this clock, and it has left me utterly impressed on multiple fronts. From the metallic details to the material, the exceptional customer service, and the impeccable packaging, this timepiece stands out as a true masterpiece.

Let's begin with the metallic details and material. The clock's design exudes sophistication and refinement, thanks to its skillfully integrated metallic accents. The minute and hour hands glimmer with an elegant metallic finish, adding a touch of luxury to the overall aesthetic. The choice of materials used for the frame and casing further enhances its appeal, with a durable build that ensures this clock will grace my wall for years to come.

Now, let's talk about the customer service. From the moment I placed my order, the experience was seamless and enjoyable. The company's representatives were prompt, attentive, and went above and beyond to address any queries I had. They truly epitomized the notion of personalized service, making me feel valued as a customer throughout the entire purchasing process.

But the greatness doesn't stop there! The packaging deserves a special mention. As I eagerly unboxed my new clock, I was delighted to find it nestled securely in premium packaging, ensuring it arrived in pristine condition. The attention to detail was apparent, and it's evident that the company takes great care in delivering their product with the utmost care.

Overall, this clock is not just a timekeeper; it's a symbol of craftsmanship, quality, and customer dedication. The metallic details and material showcase an exquisite blend of artistry and durability. The customer service experience was exceptional, making me feel like a valued patron. And the packaging exemplified the company's commitment to delivering a product with love and care.

In conclusion, if you're seeking a clock that not only keeps time flawlessly but also embodies the essence of exceptional service and presentation, this is the one for you. From the moment it graces your wall, you'll be reminded of the attention to detail and passion poured into its creation. A timeless masterpiece indeed!

",a timeless masterpiece - a clock worth every moment !
0,Longevity,"
A Timeless Masterpiece - A Clock Worth Every Moment!

I recently purchased this clock, and it has left me utterly impressed on multiple fronts. From the metallic details to the material, the exceptional customer service, and the impeccable packaging, this timepiece stands out as a true masterpiece.

Let's begin with the metallic details and material. The clock's design exudes sophistication and refinement, thanks to its skillfully integrated metallic accents. The minute and hour hands glimmer with an elegant metallic finish, adding a touch of luxury to the overall aesthetic. The choice of materials used for the frame and casing further enhances its appeal, with a durable build that ensures this clock will grace my wall for years to come.

Now, let's talk about the customer service. From the moment I placed my order, the experience was seamless and enjoyable. The company's representatives were prompt, attentive, and went above and beyond to address any queries I had. They truly epitomized the notion of personalized service, making me feel valued as a customer throughout the entire purchasing process.

But the greatness doesn't stop there! The packaging deserves a special mention. As I eagerly unboxed my new clock, I was delighted to find it nestled securely in premium packaging, ensuring it arrived in pristine condition. The attention to detail was apparent, and it's evident that the company takes great care in delivering their product with the utmost care.

Overall, this clock is not just a timekeeper; it's a symbol of craftsmanship, quality, and customer dedication. The metallic details and material showcase an exquisite blend of artistry and durability. The customer service experience was exceptional, making me feel like a valued patron. And the packaging exemplified the company's commitment to delivering a product with love and care.

In conclusion, if you're seeking a clock that not only keeps time flawlessly but also embodies the essence of exceptional service and presentation, this is the one for you. From the moment it graces your wall, you'll be reminded of the attention to detail and passion poured into its creation. A timeless masterpiece indeed!

","from the metallic details to the material , the exceptional customer service , and the impeccable packaging , this timepiece stands out as a true masterpiece ."
0,Customer Support,"
A Timeless Masterpiece - A Clock Worth Every Moment!

I recently purchased this clock, and it has left me utterly impressed on multiple fronts. From the metallic details to the material, the exceptional customer service, and the impeccable packaging, this timepiece stands out as a true masterpiece.

Let's begin with the metallic details and material. The clock's design exudes sophistication and refinement, thanks to its skillfully integrated metallic accents. The minute and hour hands glimmer with an elegant metallic finish, adding a touch of luxury to the overall aesthetic. The choice of materials used for the frame and casing further enhances its appeal, with a durable build that ensures this clock will grace my wall for years to come.

Now, let's talk about the customer service. From the moment I placed my order, the experience was seamless and enjoyable. The company's representatives were prompt, attentive, and went above and beyond to address any queries I had. They truly epitomized the notion of personalized service, making me feel valued as a customer throughout the entire purchasing process.

But the greatness doesn't stop there! The packaging deserves a special mention. As I eagerly unboxed my new clock, I was delighted to find it nestled securely in premium packaging, ensuring it arrived in pristine condition. The attention to detail was apparent, and it's evident that the company takes great care in delivering their product with the utmost care.

Overall, this clock is not just a timekeeper; it's a symbol of craftsmanship, quality, and customer dedication. The metallic details and material showcase an exquisite blend of artistry and durability. The customer service experience was exceptional, making me feel like a valued patron. And the packaging exemplified the company's commitment to delivering a product with love and care.

In conclusion, if you're seeking a clock that not only keeps time flawlessly but also embodies the essence of exceptional service and presentation, this is the one for you. From the moment it graces your wall, you'll be reminded of the attention to detail and passion poured into its creation. A timeless masterpiece indeed!

","now , let 's talk about the customer service ."
0,User Experience,"
A Timeless Masterpiece - A Clock Worth Every Moment!

I recently purchased this clock, and it has left me utterly impressed on multiple fronts. From the metallic details to the material, the exceptional customer service, and the impeccable packaging, this timepiece stands out as a true masterpiece.

Let's begin with the metallic details and material. The clock's design exudes sophistication and refinement, thanks to its skillfully integrated metallic accents. The minute and hour hands glimmer with an elegant metallic finish, adding a touch of luxury to the overall aesthetic. The choice of materials used for the frame and casing further enhances its appeal, with a durable build that ensures this clock will grace my wall for years to come.

Now, let's talk about the customer service. From the moment I placed my order, the experience was seamless and enjoyable. The company's representatives were prompt, attentive, and went above and beyond to address any queries I had. They truly epitomized the notion of personalized service, making me feel valued as a customer throughout the entire purchasing process.

But the greatness doesn't stop there! The packaging deserves a special mention. As I eagerly unboxed my new clock, I was delighted to find it nestled securely in premium packaging, ensuring it arrived in pristine condition. The attention to detail was apparent, and it's evident that the company takes great care in delivering their product with the utmost care.

Overall, this clock is not just a timekeeper; it's a symbol of craftsmanship, quality, and customer dedication. The metallic details and material showcase an exquisite blend of artistry and durability. The customer service experience was exceptional, making me feel like a valued patron. And the packaging exemplified the company's commitment to delivering a product with love and care.

In conclusion, if you're seeking a clock that not only keeps time flawlessly but also embodies the essence of exceptional service and presentation, this is the one for you. From the moment it graces your wall, you'll be reminded of the attention to detail and passion poured into its creation. A timeless masterpiece indeed!

","from the moment i placed my order , the experience was seamless and enjoyable ."
0,Customer Support,"
A Timeless Masterpiece - A Clock Worth Every Moment!

I recently purchased this clock, and it has left me utterly impressed on multiple fronts. From the metallic details to the material, the exceptional customer service, and the impeccable packaging, this timepiece stands out as a true masterpiece.

Let's begin with the metallic details and material. The clock's design exudes sophistication and refinement, thanks to its skillfully integrated metallic accents. The minute and hour hands glimmer with an elegant metallic finish, adding a touch of luxury to the overall aesthetic. The choice of materials used for the frame and casing further enhances its appeal, with a durable build that ensures this clock will grace my wall for years to come.

Now, let's talk about the customer service. From the moment I placed my order, the experience was seamless and enjoyable. The company's representatives were prompt, attentive, and went above and beyond to address any queries I had. They truly epitomized the notion of personalized service, making me feel valued as a customer throughout the entire purchasing process.

But the greatness doesn't stop there! The packaging deserves a special mention. As I eagerly unboxed my new clock, I was delighted to find it nestled securely in premium packaging, ensuring it arrived in pristine condition. The attention to detail was apparent, and it's evident that the company takes great care in delivering their product with the utmost care.

Overall, this clock is not just a timekeeper; it's a symbol of craftsmanship, quality, and customer dedication. The metallic details and material showcase an exquisite blend of artistry and durability. The customer service experience was exceptional, making me feel like a valued patron. And the packaging exemplified the company's commitment to delivering a product with love and care.

In conclusion, if you're seeking a clock that not only keeps time flawlessly but also embodies the essence of exceptional service and presentation, this is the one for you. From the moment it graces your wall, you'll be reminded of the attention to detail and passion poured into its creation. A timeless masterpiece indeed!

","they truly epitomized the notion of personalized service , making me feel valued as a customer throughout the entire purchasing process ."
0,Packaging and Presentation,"
A Timeless Masterpiece - A Clock Worth Every Moment!

I recently purchased this clock, and it has left me utterly impressed on multiple fronts. From the metallic details to the material, the exceptional customer service, and the impeccable packaging, this timepiece stands out as a true masterpiece.

Let's begin with the metallic details and material. The clock's design exudes sophistication and refinement, thanks to its skillfully integrated metallic accents. The minute and hour hands glimmer with an elegant metallic finish, adding a touch of luxury to the overall aesthetic. The choice of materials used for the frame and casing further enhances its appeal, with a durable build that ensures this clock will grace my wall for years to come.

Now, let's talk about the customer service. From the moment I placed my order, the experience was seamless and enjoyable. The company's representatives were prompt, attentive, and went above and beyond to address any queries I had. They truly epitomized the notion of personalized service, making me feel valued as a customer throughout the entire purchasing process.

But the greatness doesn't stop there! The packaging deserves a special mention. As I eagerly unboxed my new clock, I was delighted to find it nestled securely in premium packaging, ensuring it arrived in pristine condition. The attention to detail was apparent, and it's evident that the company takes great care in delivering their product with the utmost care.

Overall, this clock is not just a timekeeper; it's a symbol of craftsmanship, quality, and customer dedication. The metallic details and material showcase an exquisite blend of artistry and durability. The customer service experience was exceptional, making me feel like a valued patron. And the packaging exemplified the company's commitment to delivering a product with love and care.

In conclusion, if you're seeking a clock that not only keeps time flawlessly but also embodies the essence of exceptional service and presentation, this is the one for you. From the moment it graces your wall, you'll be reminded of the attention to detail and passion poured into its creation. A timeless masterpiece indeed!

",the packaging deserves a special mention .
0,Material and Quality,"
A Timeless Masterpiece - A Clock Worth Every Moment!

I recently purchased this clock, and it has left me utterly impressed on multiple fronts. From the metallic details to the material, the exceptional customer service, and the impeccable packaging, this timepiece stands out as a true masterpiece.

Let's begin with the metallic details and material. The clock's design exudes sophistication and refinement, thanks to its skillfully integrated metallic accents. The minute and hour hands glimmer with an elegant metallic finish, adding a touch of luxury to the overall aesthetic. The choice of materials used for the frame and casing further enhances its appeal, with a durable build that ensures this clock will grace my wall for years to come.

Now, let's talk about the customer service. From the moment I placed my order, the experience was seamless and enjoyable. The company's representatives were prompt, attentive, and went above and beyond to address any queries I had. They truly epitomized the notion of personalized service, making me feel valued as a customer throughout the entire purchasing process.

But the greatness doesn't stop there! The packaging deserves a special mention. As I eagerly unboxed my new clock, I was delighted to find it nestled securely in premium packaging, ensuring it arrived in pristine condition. The attention to detail was apparent, and it's evident that the company takes great care in delivering their product with the utmost care.

Overall, this clock is not just a timekeeper; it's a symbol of craftsmanship, quality, and customer dedication. The metallic details and material showcase an exquisite blend of artistry and durability. The customer service experience was exceptional, making me feel like a valued patron. And the packaging exemplified the company's commitment to delivering a product with love and care.

In conclusion, if you're seeking a clock that not only keeps time flawlessly but also embodies the essence of exceptional service and presentation, this is the one for you. From the moment it graces your wall, you'll be reminded of the attention to detail and passion poured into its creation. A timeless masterpiece indeed!

",the metallic details and material showcase an exquisite blend of artistry and durability .
0,Customer Support,"
A Timeless Masterpiece - A Clock Worth Every Moment!

I recently purchased this clock, and it has left me utterly impressed on multiple fronts. From the metallic details to the material, the exceptional customer service, and the impeccable packaging, this timepiece stands out as a true masterpiece.

Let's begin with the metallic details and material. The clock's design exudes sophistication and refinement, thanks to its skillfully integrated metallic accents. The minute and hour hands glimmer with an elegant metallic finish, adding a touch of luxury to the overall aesthetic. The choice of materials used for the frame and casing further enhances its appeal, with a durable build that ensures this clock will grace my wall for years to come.

Now, let's talk about the customer service. From the moment I placed my order, the experience was seamless and enjoyable. The company's representatives were prompt, attentive, and went above and beyond to address any queries I had. They truly epitomized the notion of personalized service, making me feel valued as a customer throughout the entire purchasing process.

But the greatness doesn't stop there! The packaging deserves a special mention. As I eagerly unboxed my new clock, I was delighted to find it nestled securely in premium packaging, ensuring it arrived in pristine condition. The attention to detail was apparent, and it's evident that the company takes great care in delivering their product with the utmost care.

Overall, this clock is not just a timekeeper; it's a symbol of craftsmanship, quality, and customer dedication. The metallic details and material showcase an exquisite blend of artistry and durability. The customer service experience was exceptional, making me feel like a valued patron. And the packaging exemplified the company's commitment to delivering a product with love and care.

In conclusion, if you're seeking a clock that not only keeps time flawlessly but also embodies the essence of exceptional service and presentation, this is the one for you. From the moment it graces your wall, you'll be reminded of the attention to detail and passion poured into its creation. A timeless masterpiece indeed!

","the customer service experience was exceptional , making me feel like a valued patron ."
0,Packaging and Presentation,"
A Timeless Masterpiece - A Clock Worth Every Moment!

I recently purchased this clock, and it has left me utterly impressed on multiple fronts. From the metallic details to the material, the exceptional customer service, and the impeccable packaging, this timepiece stands out as a true masterpiece.

Let's begin with the metallic details and material. The clock's design exudes sophistication and refinement, thanks to its skillfully integrated metallic accents. The minute and hour hands glimmer with an elegant metallic finish, adding a touch of luxury to the overall aesthetic. The choice of materials used for the frame and casing further enhances its appeal, with a durable build that ensures this clock will grace my wall for years to come.

Now, let's talk about the customer service. From the moment I placed my order, the experience was seamless and enjoyable. The company's representatives were prompt, attentive, and went above and beyond to address any queries I had. They truly epitomized the notion of personalized service, making me feel valued as a customer throughout the entire purchasing process.

But the greatness doesn't stop there! The packaging deserves a special mention. As I eagerly unboxed my new clock, I was delighted to find it nestled securely in premium packaging, ensuring it arrived in pristine condition. The attention to detail was apparent, and it's evident that the company takes great care in delivering their product with the utmost care.

Overall, this clock is not just a timekeeper; it's a symbol of craftsmanship, quality, and customer dedication. The metallic details and material showcase an exquisite blend of artistry and durability. The customer service experience was exceptional, making me feel like a valued patron. And the packaging exemplified the company's commitment to delivering a product with love and care.

In conclusion, if you're seeking a clock that not only keeps time flawlessly but also embodies the essence of exceptional service and presentation, this is the one for you. From the moment it graces your wall, you'll be reminded of the attention to detail and passion poured into its creation. A timeless masterpiece indeed!

",and the packaging exemplified the company 's commitment to delivering a product with love and care .
0,Design,"
A Timeless Masterpiece - A Clock Worth Every Moment!

I recently purchased this clock, and it has left me utterly impressed on multiple fronts. From the metallic details to the material, the exceptional customer service, and the impeccable packaging, this timepiece stands out as a true masterpiece.

Let's begin with the metallic details and material. The clock's design exudes sophistication and refinement, thanks to its skillfully integrated metallic accents. The minute and hour hands glimmer with an elegant metallic finish, adding a touch of luxury to the overall aesthetic. The choice of materials used for the frame and casing further enhances its appeal, with a durable build that ensures this clock will grace my wall for years to come.

Now, let's talk about the customer service. From the moment I placed my order, the experience was seamless and enjoyable. The company's representatives were prompt, attentive, and went above and beyond to address any queries I had. They truly epitomized the notion of personalized service, making me feel valued as a customer throughout the entire purchasing process.

But the greatness doesn't stop there! The packaging deserves a special mention. As I eagerly unboxed my new clock, I was delighted to find it nestled securely in premium packaging, ensuring it arrived in pristine condition. The attention to detail was apparent, and it's evident that the company takes great care in delivering their product with the utmost care.

Overall, this clock is not just a timekeeper; it's a symbol of craftsmanship, quality, and customer dedication. The metallic details and material showcase an exquisite blend of artistry and durability. The customer service experience was exceptional, making me feel like a valued patron. And the packaging exemplified the company's commitment to delivering a product with love and care.

In conclusion, if you're seeking a clock that not only keeps time flawlessly but also embodies the essence of exceptional service and presentation, this is the one for you. From the moment it graces your wall, you'll be reminded of the attention to detail and passion poured into its creation. A timeless masterpiece indeed!

",a timeless masterpiece indeed !
