,Topic,Review
0,Longevity,"This watch has great longevity, withstanding wear and tear for years."
1,Material and Quality,The watch was made to a high quality with a strong durable metal finish.
2,Fit and Comfort,The bag is incredibly comfortable and fits perfectly.
3,Versatility,"This watch is incredibly versatile, offering a variety of features to suit any occasion."
4,Price and Value,This watch is overpriced for its minimal value.
5,User Experience,The bag's simple and intuitive design makes it a pleasure to use.
6,Brand,The design of this Brand watch is stunning - the perfect accessory to spice up any outfit!
7,Packaging and Presentation,"The watch came in a beautiful presentation box with a black bag and tissue paper, making the packaging and presentation very impressive."
8,Customer Support,The customer support for the watch was great and very helpful in choosing the perfect options for me.
9,Design,"The watch had a unique design, but it felt a bit too cluttered and busy."
10,Longevity,The longevity of this watch is unreliable and disappointing.
11,Material and Quality,The watch had poor quality materials and a cheap plastic feeling.
12,Fit and Comfort,The watch was incredibly uncomfortable and didn't fit my wrist properly.
13,Versatility,"This watch is great for its versatility, but it quickly becomes outdated."
14,Price and Value,This stylish watch is a great value for the price!
15,User Experience,"The watch was difficult to operate, negatively impacting the user experience."
16,Brand,The Brand's watch is stylish and reliable.
17,Packaging and Presentation,"The packaging and presentation of the watch was very impressive, with a professional look and feel."
18,Customer Support,The customer support for the watch was outstanding - responsive and helpful!
19,Design,The minimalist design of the watch makes it a modern classic.
20,Longevity,"This watch has great longevity, lasting well beyond its expected lifespan."
21,Material and Quality,The watch has a premium leather strap and excellent construction quality.
22,Fit and Comfort,The watch fit tightly and was uncomfortable to wear.
23,Versatility,"This watch is extremely versatile, offering endless combinations of styles and occasions to wear it for."
24,Price and Value,This watch's low price makes it an excellent value for the money.
25,User Experience,Using this watch was an incredibly smooth and enjoyable experience.
26,Brand,"This Brand watch is sophisticated and stylish, and a great accessory for completing any look."
27,Packaging and Presentation,The watch's beautiful gift box and presentation make it an ideal present.
28,Customer Support,"The customer support for the watch was very helpful, friendly and quick to respond."
29,Design,The design of this watch is outdated and uncomplimentary.
30,Longevity,This watch's longevity is surprisingly poor - its battery died within weeks of purchase.
31,Material and Quality,The bag was made from high-quality leather which was both luxurious and durable.
32,Fit and Comfort,"This watch is comfortable to wear, but it runs too small and is not a very good fit."
33,Versatility,This bag offers great versatility but can be too bulky at times.
34,Price and Value,This watch is overpriced for the value it provides.
35,User Experience,"This watch is incredibly elegant and user friendly, making it a pleasure to use."
36,Brand,This Hugo Boss watch is beautiful and exceptionally durable.
37,Packaging and Presentation,"The packaging and presentation of the watch was excellent, with a sleek, quality gift box."
38,Customer Support,The customer support for the watch I purchased was prompt and helpful.
39,Design,This watch's sleek and minimalistic design is truly unparalleled.
40,Longevity,"The watch had impressive longevity, but the battery life was disappointingly short."
41,Material and Quality,"The material and quality of the watch is excellent, making it a great choice for everyday wear."
42,Fit and Comfort,This watch is extremely tight and uncomfortable to wear.
43,Versatility,This Versace bag is great for everyday use but falls short when it comes to versatility.
44,Price and Value,The price of this watch does not reflect its value as its features are rather basic.
45,User Experience,The sleek watch band design of the watch provides a comfortable and reliable user experience.
46,Brand,"This Brand watch is stunning and reliable, making it the perfect addition to any outfit."
47,Packaging and Presentation,The packaging and presentation of the watch was impeccable and made it an even more exquisite gift.
48,Customer Support,"The customer support for the watch was excellent, making the purchase a breeze!"
49,Design,The watch has an intricate design that catches the eye.
50,Longevity,"The watch was of good quality and promised to be longlasting, but in the end it only lasted a couple of months."
51,Material and Quality,The watch had a low-quality plastic material that felt cheap and unreliable.
52,Fit and Comfort,This watch is incredibly uncomfortable and bulky.
53,Versatility,"This watch is surprisingly versatile for its price, but its style options are limited."
54,Price and Value,This bag is way overpriced for the value it provides.
55,User Experience,"The watch lacked user-friendly features, making it difficult to interact with."
56,Brand,This watch from Brand is a great combination of quality and affordability.
57,Packaging and Presentation,"The packaging and presentation of the watch was excellent, with a beautiful box and hand-tied ribbon."
58,Customer Support,"The customer support for the watch was excellent, making the purchase seamless."
59,Design,The bag's modern design makes it a stylish accessory for any outfit.
60,Longevity,"This watch has great longevity, but its strap feels low quality."
61,Material and Quality,"The watch had great quality materials, but felt cheaply made."
62,Fit and Comfort,This watch is very comfortable and fits perfectly.
63,Versatility,"This watch is great for versatility, as it easily transitions from a professional look to a casual style."
64,Price and Value,This watch is overpriced for the value it provides.
65,User Experience,The watch was comfortable to wear and had an intuitive user interface.
66,Brand,This Brand watch is very elegant and stylish!
67,Packaging and Presentation,"The watch arrived in an extremely impressive and luxurious packaging, truly living up to its premium brand status."
68,Customer Support,The customer support for the watch I bought was very friendly and helpful.
69,Design,"This watch has a sleek and modern design, making it stylish and perfect for any occasion."
70,Longevity,The Longevity watch is reliable and built to last - a great investment for the future.
71,Material and Quality,"The watch had great quality materials, but was not very durable."
72,Fit and Comfort,This watch is incredibly comfortable and fits perfectly.
73,Versatility,"This watch is versatile and stylish, but not very durable."
74,Price and Value,This designer watch is overpriced for its value.
75,User Experience,"The watch was difficult to set and operate, providing a poor user experience."
76,Brand,This Fossil brand watch is stunning!
77,Packaging and Presentation,"The watch was expertly packaged with a beautiful presentation box, making it a perfect gift."
78,Customer Support,The Customer Support for the watch I purchased was terrible.
79,Design,"The design of the watch is modern and stylish, making it a great choice for any occasion."
80,Longevity,"This watch has good longevity, lasting for many years with its excellent craftsmanship and quality materials."
81,Material and Quality,"The quality of the watch materials is top-notch, making it one of the best watches I have ever owned."
82,Fit and Comfort,This watch fits comfortably on my wrist and is a great accessory for my outfit.
83,Versatility,"This watch offers great versatility in style, with its range of colors and sizes."
84,Price and Value,This watch is a great value for the price.
85,User Experience,"The watch is incredibly intuitive and easy to use, providing a great user experience."
86,Brand,The Brand watch is stylish and good quality.
87,Packaging and Presentation,The packaging and presentation of the shirt was phenomenally professional and aesthetically pleasing.
88,Customer Support,"The customer support for the watch was helpful and friendly, making the purchase experience a pleasure!"
89,Design,The watch's intricate design is truly captivating.
90,Longevity,"The Longevity watch was beautiful and timeless, but the battery life felt disappointingly short."
91,Material and Quality,The watch was made of high quality materials and had excellent craftsmanship.
92,Fit and Comfort,The bag was surprisingly comfortable and fitted perfectly to my body.
93,Versatility,"This watch is both stylish and practical, making it a surprisingly versatile addition to any wardrobe."
94,Price and Value,This watch offers excellent value for its low price.
95,User Experience,"The rubber strap of the watch made it uncomfortable to wear, resulting in a poor user experience."
96,Brand,This watch from Brand is stunningly stylish and perfect for everyday wear.
97,Packaging and Presentation,"The watch came beautifully packaged, making it a great gift for any occasion."
98,Customer Support,The Customer Support for the watch was incredibly helpful and answered all of my questions quickly and accurately.
99,Design,"The design of the watch is sleek and modern, making it a great accessory to complete any look."
100,Longevity,"This watch promises long-lasting performance, but its quality suggests otherwise."
101,Material and Quality,"This watch has poor quality material and build, making it unreliable and likely not to last."
102,Fit and Comfort,The bag's fit was perfect and incredibly comfortable to carry.
103,Versatility,"This watch has great versatility, with multiple color and style options that make it adaptable to almost any outfit."
104,Price and Value,The watch was overpriced for what it offered in terms of value.
105,User Experience,The bag's sleek design and lightweight construction make it a very pleasant user experience.
106,Brand,This Brand watch is highly stylish and impeccably designed.
107,Packaging and Presentation,"The packaging and presentation of the watch was exceptional, making it an elegant gift for any special occasion."
108,Customer Support,The customer support from the watch company was outstanding and very helpful!
109,Design,The sleek minimalist design of the watch combines form and function to create a stylish and timeless accessory.
110,Longevity,"The longevity of this watch is questionable; it looks good now, but has yet to be seen how long it will last."
111,Material and Quality,The quality of the shirt's material was disappointingly poor.
112,Fit and Comfort,The watch was tight and uncomfortable.
113,Versatility,"This watch is incredibly versatile, allowing you to dress it up or dress it down."
114,Price and Value,This watch offers excellent value for its price.
115,User Experience,The straps on this bag make it incredibly comfortable to wear and provide a great user experience.
116,Brand,"This Brand watch is stylish yet reliable, making it the perfect addition to any outfit."
117,Packaging and Presentation,The packaging and presentation of the watch was impeccable and luxurious.
118,Customer Support,"The customer support for the watch was excellent, providing prompt and helpful assistance when needed."
119,Design,The design of the watch was surprisingly sleek and modern.
120,Longevity,"The watch had good longevity, lasting through years of regular wear and tear."
121,Material and Quality,"The watch had excellent quality, with a sturdy stainless steel material."
122,Fit and Comfort,The bag was surprisingly comfortable to carry despite its slim design.
123,Versatility,"This watch is versatile in a bad sense, as it lacks a signature style."
124,Price and Value,"The watch was priced fairly, but its value did not live up to expectations."
125,User Experience,"The watch was comfortable to wear and easy to set up, creating a pleasant user experience."
126,Brand,This Brand watch was stunning and elegantly crafted.
127,Packaging and Presentation,"The watch was thoughtfully packed in a lovely gift box, making it an ideal, special present."
128,Customer Support,"The customer support for the watch was excellent, efficiently answering my concerns quickly and thoroughly."
129,Design,The watch had a modern design that was elegant and sleek.
130,Longevity,"This watch has incredible longevity, having retained its stylish design for years."
131,Material and Quality,"The watch had an excellent quality steel material, making it extremely durable."
132,Fit and Comfort,This watch is incredibly comfortable and fits snugly on the wrist.
133,Versatility,"This watch is versatile, but lacks sophistication."
134,Price and Value,This watch is pricey but definitely worth the value.
135,User Experience,The watch had a smooth user interface that was a pleasure to navigate.
136,Brand,This Brand watch is exceptionally well-crafted and makes a beautiful statement.
137,Packaging and Presentation,"The watch packaging was poor, with no protective cover and little attention paid to presentation."
138,Customer Support,"The customer support for the watch was terrible, leaving me feeling frustrated and unheard."
139,Design,"The watch design is bold and modern, effectively making a statement."
140,Longevity,"This watch has excellent longevity, withstanding everyday wear and tear while still looking stylish."
141,Material and Quality,"The watch had poor quality materials and construction, making it unreliable."
142,Fit and Comfort,"This watch is both comfortable and fits well, making it a great accessory for any outfit."
143,Versatility,"This Versatility watch is great for any occasion, making it suitable for any style."
144,Price and Value,This watch is overpriced for its mediocre value.
145,User Experience,"The watch was stylishly designed and easy to navigate, providing an excellent user experience."
146,Brand,"The Brand watch is an undeniable eye-catcher, with its bold design and impressive array of features."
147,Packaging and Presentation,The packaging and presentation of the watch was very impressive and presented the product beautifully.
148,Customer Support,"The customer support for the watch was excellent, allowing me to make a hassle-free return."
149,Design,The watch has a surprisingly unique design that makes it stand out among others.
150,Longevity,"The longevity of this watch is questionable, making it a risky investment."
151,Material and Quality,"The bag's quality was surprisingly good for the price, with a sturdy canvas material."
152,Fit and Comfort,This watch is incredibly uncomfortable and does not fit well at all.
153,Versatility,"This watch has great versatility, making it suitable for both formal and casual occasions."
154,Price and Value,This watch is great value for its price.
155,User Experience,The watch was incredibly user-friendly with its intuitive interface and simple design.
156,Brand,The Brand watch was incredibly stylish and well-made.
157,Packaging and Presentation,"The packaging and presentation of the watch was beautiful, thoughtful, and elegant."
158,Customer Support,The customer support for the watch was very helpful and accommodating.
159,Design,The design of the watch is sleek and modern.
160,Longevity,The watch had good longevity but the clasp was a bit flimsy.
161,Material and Quality,"The material and quality of the watch was top-notch, making it a durable and reliable accessory."
162,Fit and Comfort,The watch was uncomfortably tight and did not fit properly.
163,Versatility,"This watch is not very versatile, as it only works with compatible phones."
164,Price and Value,The bag's price is high but its value is excellent.
165,User Experience,"The watch was very easy to use, making the user experience a positive one."
166,Brand,This Brand watch is beautifully crafted and a timeless classic.
167,Packaging and Presentation,"The watch had an impressive packaging and presentation, making it an ideal gift."
168,Customer Support,The customer support for the watch I purchased was incredibly helpful and friendly.
169,Design,"The watch had a modern and stylish design, perfect for any occasion."
170,Longevity,"The watch had a good build quality but lacked longevity, making it a poor value for the money."
171,Material and Quality,"The material and quality of the watch is superb, making it an excellent choice for everyday use."
172,Fit and Comfort,"This watch definitely looks good, but doesn't fit very comfortably."
173,Versatility,"This watch is incredibly versatile, offering enough options to please any wearer."
174,Price and Value,This watch is overpriced for the value it provides.
175,User Experience,"This watch has simple, intuitive features that make it easy and enjoyable to use."
176,Brand,This Brand watch is stunningly designed and surprisingly affordable.
177,Packaging and Presentation,"The packaging and presentation of the watch was excellent, with a beautiful gift box and clear instructions."
178,Customer Support,The Customer Support for the watch was very helpful and friendly.
179,Design,The minimalistic design of the watch makes it an elegant choice for any outfit.
180,Longevity,"This watch may be stylish, but its lack of durability and short lifespan make it a poor investment for long-term wear."
181,Material and Quality,"The quality of the watch was excellent, with a luxurious material."
182,Fit and Comfort,This watch is incredibly comfortable to wear but it seems to run a little small for my wrist.
183,Versatility,"This watch offers great versatility with its interchangeable bands and classic design, perfect for every occasion."
184,Price and Value,This watch is great value for the price - a real bargain!
185,User Experience,The watch's user-friendly interface makes it a great choice for anyone looking for an efficient and uncomplicated time-telling experience.
186,Brand,This Brand watch is stylish and sophisticated but unfortunately too expensive.
187,Packaging and Presentation,"The watch was packaged and presented beautifully, making it a pleasure to give as a gift."
188,Customer Support,The customer support team for the watch was incredibly helpful and quick to respond.
189,Design,The watch design is truly unique and eye-catching.
190,Longevity,This watch has proven its longevity with a long-lasting battery and timeless design.
191,Material and Quality,"The quality of the canvas bag was poor, with thin material that felt like it would rip easily."
192,Fit and Comfort,"This watch is comfortable and fits perfectly, making it an excellent addition to any wardrobe!"
193,Versatility,This watch offers great versatility with its classic styling and modern features.
194,Price and Value,The watch is overpriced for its value.
195,User Experience,"The buckle on the watch is too stiff, making it difficult to take off and on."
196,Brand,This Brand watch is unbelievably stylish and reliable.
197,Packaging and Presentation,The packaging and presentation of the watch was highly impressive.
198,Customer Support,The customer support for the watch was great - they were responsive and helpful with my inquiries.
199,Design,The bold colours and geometric pattern of this watch make it a visually stunning design.
200,Longevity,"This watch offers excellent longevity, with its robust construction and stylish design."
201,Material and Quality,This bag is made of high-quality materials and looks great.
202,Fit and Comfort,This stylish watch is extremely uncomfortable to wear.
203,Versatility,This watch is incredibly versatile and can be worn for both casual and formal occasions.
204,Price and Value,This watch is overpriced for the value it offers.
205,User Experience,"The watch is comfortable and easy to read, providing a great user experience."
206,Brand,This particular designer watch from Brand is gorgeous and definitely worth the money.
207,Packaging and Presentation,The bag had poor packaging and presentation; the box was damaged and it looked as if the bag had been handled roughly.
208,Customer Support,I had a great experience with the customer support for the watch I purchased - they were attentive and helpful.
209,Design,The design of the watch is striking and modern.
210,Longevity,This watch's poor craftsmanship makes me doubt its longevity.
211,Material and Quality,"The material and quality of the bag is excellent, with sturdy straps and a resilient material."
212,Fit and Comfort,The shirt was extremely snug and uncomfortable.
213,Versatility,This Versatile watch is great for both dressy and casual occasions.
214,Price and Value,This watch provides great value for its low price.
215,User Experience,"The watch was comfortable and easy to use, providing an enjoyable user experience."
216,Brand,"This Brand watch is stylish and sophisticated, perfect for any occasion."
217,Packaging and Presentation,"The presentation and packaging of the watch was exquisite, making it a great gift."
218,Customer Support,The customer support for the shirt was amazing; they were responsive and went above and beyond to ensure I had the best experience.
219,Design,The design of the watch is sleek and timeless.
220,Longevity,"The watch's longevity was impressive, lasting much longer than expected."
221,Material and Quality,The quality of this shirt's material is excellent and incredibly soft.
222,Fit and Comfort,"The watch fit well, but it was less comfortable than expected."
223,Versatility,"This watch is incredibly versatile, making it an ideal choice for both casual and formal occasions."
224,Price and Value,This watch is priced too high for the value offered.
225,User Experience,"The watch was comfortable and easy to use, providing a great user experience."
226,Brand,"This Brand watch is stylish and modern, perfect for any occasion."
227,Packaging and Presentation,"The packaging and presentation of the watch was excellent, with a sleek and stylish look."
228,Customer Support,The customer support team was extremely helpful and responsive when I had questions about the watch I purchased.
229,Design,"The watch has an innovative, modern design that stands out."
230,Longevity,"This watch may have longevity, but it lacks style."
231,Material and Quality,"The quality of the watch's leather strap was surprisingly good, given its low price."
232,Fit and Comfort,The watch was too bulky to be comfortable and the fit was off.
233,Versatility,"This watch is incredibly versatile, with a classic design, convenient straps, and a range of features for every style."
234,Price and Value,This watch is overpriced for its value.
235,User Experience,"The strap on the watch was too tight and uncomfortable, negatively impacting the overall user experience."
236,Brand,This Brand watch is an affordable and stylish addition to any wardrobe.
237,Packaging and Presentation,"The packaging and presentation of the bag was lovely, making it the perfect gift."
238,Customer Support,"The customer support for the shirt was excellent, quickly responding to all my queries."
239,Design,"The watch design is sleek and modern, making it a great addition to any outfit."
240,Longevity,"This watch offers great longevity, but is quite pricey for the features it offers."
241,Material and Quality,"This leather watch has great quality, but the material is a bit too stiff."
242,Fit and Comfort,The bag felt sturdy and comfortable to carry around all day.
243,Versatility,"This bag is very versatile, however the style is slightly too generic."
244,Price and Value,The watch was inexpensive but didn't offer much value.
245,User Experience,"The watch had a great user experience, with easy-to-operate buttons and a comfortable fit."
246,Brand,"This Brand watch is simplistic yet stylish, making it the perfect addition to any wardrobe."
247,Packaging and Presentation,"The packaging of the watch was exquisite, giving it a luxurious and sophisticated presentation."
248,Customer Support,The customer support for the watch I purchased was outstanding - helpful and patient!
249,Design,The design of the watch is outdated and lacks modernity.
250,Longevity,"This watch doesn't seem to have longevity, as it has already broken after only a few months of wear."
251,Material and Quality,The quality of the leather used for the bag was surprisingly good.
252,Fit and Comfort,The watch felt far too tight and uncomfortable around my wrist.
253,Versatility,This watch is not very versatile as it only has one band color and is not suitable for all occasions.
254,Price and Value,This watch provides great value for its low price.
255,User Experience,The Bag was incredibly durable and provided a smooth user experience.
256,Brand,This Timex watch is a great choice for its affordability and classic style.
257,Packaging and Presentation,"The watch arrived in a beautiful velvet pouch, making its presentation highly impressive."
258,Customer Support,"The customer support team for this watch was very helpful and responsive, making me feel confident that my purchase was in good hands."
259,Design,The watch had a modern and classic design that gave it a timeless appeal.
260,Longevity,This watch has great longevity with its sleek design and sturdy construction.
261,Material and Quality,The watch was made of good quality materials and felt very durable.
262,Fit and Comfort,This watch is unbelievably comfortable and fits perfectly.
263,Versatility,"This watch is incredibly versatile, making it perfect for any occasion."
264,Price and Value,"This watch looks great, but is overpriced given its value."
265,User Experience,"The bag had a great design, but its lack of pockets made it difficult to use."
266,Brand,The Michael Kors watch is stylish and well-made.
267,Packaging and Presentation,"The watch's packaging and presentation were lovely and thoughtful, making it a great gift."
268,Customer Support,"The customer support team for this watch was very helpful and friendly, which made the process of purchasing it a pleasant experience."
269,Design,"The design of the watch is stunning, with intricate metalwork and a sleek, modern vibe."
270,Longevity,"This watch has excellent longevity, with its sleek design and hardy material ensuring it will last many years."
271,Material and Quality,"The quality of the watch was excellent, with its luxurious materials providing a long-lasting and stylish look."
272,Fit and Comfort,The watch was uncomfortably tight and did not fit very well.
273,Versatility,"This watch has great versatility, allowing it to be worn formally and casually."
274,Price and Value,The watch is overpriced and not worth the value.
275,User Experience,"The watch felt comfortable and lightweight on the wrist, providing an excellent user experience."
276,Brand,"This Brand watch is stylishly designed and well-crafted, making it an excellent choice for any fashion connoisseur."
277,Packaging and Presentation,"The packaging and presentation of the watch was outstanding, making it a great gift."
278,Customer Support,The Customer Support for the watch I bought was very helpful and responsive.
279,Design,The design of the watch is aesthetically pleasing and timeless.
280,Longevity,"This watch may have longevity, but it lacks style."
281,Material and Quality,The leather watch strap is of impressive quality.
282,Fit and Comfort,"This watch is very comfortable to wear, but unfortunately it is too tight for my wrist."
283,Versatility,"This watch has great versatility, with features suitable for all occasions."
284,Price and Value,"This watch is way too expensive for the quality it offers, providing terrible value for money."
285,User Experience,The watch was easy to use and had a great user experience.
286,Brand,This trendy Timex watch is an excellent quality timepiece that is well worth the price.
287,Packaging and Presentation,"The watch came with a luxurious gift box, proving that the presentation and packaging is second to none."
288,Customer Support,"The customer support team at this store was incredibly helpful and friendly while helping me select a watch, making the experience truly enjoyable!"
289,Design,The sleek design of the watch makes it an easy choice for any occasion.
290,Longevity,The watch is very well made and looks like it will last for years.
291,Material and Quality,The watch's material was cheap and of poor quality.
292,Fit and Comfort,The shirt was neither comfortable nor fit very well.
293,Versatility,"This watch is extremely versatile, offering different settings and styles for any look."
294,Price and Value,The watch was an excellent value for its price.
295,User Experience,The watch's user interface is confusing and difficult to navigate.
296,Brand,This watch from Brand is the perfect combination of style and functionality.
297,Packaging and Presentation,"The packaging and presentation of the watch was excellent, with an elegant and attractive box."
298,Customer Support,The Customer Support team was very helpful in resolving my issue with my watch quickly and efficiently.
299,Design,This watch has a stunningly sleek design that makes it an ideal piece for both casual and formal wear.
300,Longevity,This watch has excellent longevity and wears well over time.
301,Material and Quality,"The watch had poor quality material, making it feel cheap and flimsy."
302,Fit and Comfort,This watch is extremely uncomfortable and does not fit well.
303,Versatility,"This watch offers good versatility, allowing it to be worn for both formal and casual occasions."
304,Price and Value,This watch is a great value for its price.
305,User Experience,"The oversized bag was aesthetically pleasing, but impractical for everyday use."
306,Brand,This Brand watch is beautifully crafted and a perfect addition to any outfit.
307,Packaging and Presentation,"The watch was presented in a sleek and stylish box, making it a great gift with excellent packaging and presentation."
308,Customer Support,The customer support for the shirt was extremely helpful and efficient.
309,Design,"The design of the watch is sleek and modern, catching the eye of anyone who sees it."
310,Longevity,"The Longevity watch kept excellent time for many years, but its battery finally died after four years."
311,Material and Quality,The quality of the watch's materials was poor and unsatisfying.
312,Fit and Comfort,This bag is extremely comfortable and fits my belongings perfectly.
313,Versatility,"This watch has good versatility, but its design can look a bit outdated."
314,Price and Value,This watch is overpriced for the value it offers.
315,User Experience,"The watch had a great user experience with its simple, straightforward user interface."
316,Brand,The Michael Kors watch is exquisitely crafted and makes an impressive statement.
317,Packaging and Presentation,The packaging and presentation of the watch were very stylish and luxurious.
318,Customer Support,"The customer support for the watch I purchased was excellent - they were friendly, helpful and quick to respond."
319,Design,The sleek design of the watch makes it a fashionable and sophisticated accessory.
320,Longevity,"This watch has great longevity, with a stylish design and durable construction."
321,Material and Quality,"The watch had excellent quality material and construction, making it durable and stylish."
322,Fit and Comfort,The watch fits nicely and is incredibly comfortable to wear.
323,Versatility,This watch is great for its versatility but lacks in style.
324,Price and Value,This watch was great value for its price!
325,User Experience,"The watch's interface was intuitive and easy to read, providing an excellent user experience."
326,Brand,"The Brand watch was surprisingly well-made and stylish, proving to be a great value for the price."
327,Packaging and Presentation,The watch came in a smartly-designed box with a sleek presentation that really stands out.
328,Customer Support,The customer support for the watch was great; they answered all my questions quickly and were very helpful.
329,Design,"The bag's modern design is eye-catching and stylish, enhancing any outfit."
330,Longevity,"The watch had remarkable longevity, lasting over five years without needing to be replaced."
331,Material and Quality,The bag's material is poor quality and cheap.
332,Fit and Comfort,The watch was surprisingly comfortable and fit perfectly.
333,Versatility,"This watch is surprisingly versatile, able to be dressed up or down for any occasion."
334,Price and Value,"This watch is an excellent value for its price, providing style and sophistication at an affordable cost."
335,User Experience,The watch user experience was incredibly intuitive and smooth.
336,Brand,This Brand watch is stunningly beautiful and keeps great time.
337,Packaging and Presentation,"The watch arrived in a beautifully presented box, making for an extra luxurious gift."
338,Customer Support,The customer support for the watch was great and very helpful!
339,Design,The design of the bag is surprisingly elegant and modern.
340,Longevity,"This watch was stylish and reasonably priced, but its longevity was lacking."
341,Material and Quality,The cotton material of the shirt was of great quality and felt incredibly soft on my skin.
342,Fit and Comfort,The watch was very uncomfortable to wear and felt too tight for my wrist.
343,Versatility,"This watch is great for versatility, allowing it to be dressed up or down depending on the occasion."
344,Price and Value,This watch is great value for its price.
345,User Experience,"The watch feels uncomfortably tight around my wrist, making it a poor user experience."
346,Brand,"The Brand watch is stylish yet affordable, making it the perfect accessory for any outfit."
347,Packaging and Presentation,"The watch was beautifully presented in an elegant gift box, and the packaging was luxurious and impressive."
348,Customer Support,The customer support for the watch I bought was incredibly helpful and friendly.
349,Design,The modern design of this watch makes it an eye-catching accessory for any outfit.
350,Longevity,The longevity of this watch is impressive but could be improved with better materials.
351,Material and Quality,The watch is made from high quality materials and is very durable.
352,Fit and Comfort,The bag was incredibly comfortable and fit perfectly.
353,Versatility,"This watch is versatile, but not very durable."
354,Price and Value,The watch was expensive for the small amount of value it provided.
355,User Experience,The watch was designed with a simplistic user interface that was intuitive and easy to use.
356,Brand,The Brand watch was stunningly beautiful and extremely durable.
357,Packaging and Presentation,"The packaging and presentation of the watch were exquisite, with a luxe box and classy details."
358,Customer Support,The customer support at the watch store was incredibly helpful and knowledgeable.
359,Design,"The design of the watch is impressive, with its intricate details and modern finishes."
360,Longevity,"This watch has great longevity, standing up to daily use with minimal wear over time."
361,Material and Quality,This watch is made from poor quality materials and the craftsmanship is lacking.
362,Fit and Comfort,This watch was very uncomfortable and didn't fit correctly.
363,Versatility,This bag's lack of versatility makes it a poor choice for anyone seeking a practical and stylish item.
364,Price and Value,This watch is a great value for the price.
365,User Experience,The watch had a confusing interface which made the user experience unsatisfactory.
366,Brand,"This Fossil watch is a beautiful, elegant timepiece with reliable quality."
367,Packaging and Presentation,The watch's packaging and presentation was very luxurious and eye-catching.
368,Customer Support,The Customer Support I received for my new watch was excellent and knowledgeable.
369,Design,The watch's design was gorgeous and modernly sleek.
370,Longevity,"The watch had good longevity, remaining accurate and functional for years."
371,Material and Quality,The leather bag was of great quality and delightful softness.
372,Fit and Comfort,The watch was exceptionally comfortable and fitted my wrist perfectly.
373,Versatility,"The Versace watch is great for any occasion, offering versatility without compromising on style."
374,Price and Value,The watch was very reasonably priced but the quality was not worth the value.
375,User Experience,The watch is comfortable to wear and has an intuitive user interface.
376,Brand,The Brand watch was an elegant and stylish addition to my wardrobe.
377,Packaging and Presentation,The packaging and presentation of the watch was very impressive.
378,Customer Support,The customer support for the watch was extremely friendly and helpful.
379,Design,The design of the watch is uninspired and lacks creativity.
380,Longevity,"This watch lacks longevity, as it already shows signs of wear after a few months of use."
381,Material and Quality,The watch had excellent quality materials for a very reasonable price.
382,Fit and Comfort,The watch was extremely uncomfortable to wear and didn't fit properly.
383,Versatility,"This watch is versatile enough to be dressed up or dressed down, but its design is too plain for some events."
384,Price and Value,"This watch is great value for money, offering a premium design at an affordable price."
385,User Experience,The watch was comfortable to wear and had a clear and easy-to-use interface.
386,Brand,This Gucci bag is a work of art!
387,Packaging and Presentation,The presentation and packaging of the watch was impeccable; it was beautifully presented in an attractive box.
388,Customer Support,The Customer Support at the retailer for the watch was phenomenal!
389,Design,The watch has a modern design that looks out of place with a traditional outfit.
390,Longevity,"The watch had excellent longevity, withstanding regular use for over five years."
391,Material and Quality,The leather material used for the watch is of great quality.
392,Fit and Comfort,This watch is incredibly comfortable and fits perfectly.
393,Versatility,"This watch may be versatile in its design and feature options, but its limited color selection makes it less versatile than desired."
394,Price and Value,This watch is a great value for the price.
395,User Experience,"The watch was easy to use and well designed, providing a pleasant user experience."
396,Brand,"This Fossil watch is sleek and stylish with a classic timeless design, perfect for any wardrobe!"
397,Packaging and Presentation,The packaging and presentation of the shirt was impressive and attractive.
398,Customer Support,The customer support was outstanding and quickly responded to any questions I had about the watch I purchased!
399,Design,The design of the watch was stunningly simple and elegant.
400,Longevity,"The sturdy watch had great longevity, lasting for years to come."
401,Material and Quality,This watch is made of low quality material and is quite poorly constructed.
402,Fit and Comfort,This watch is surprisingly comfortable and fits well despite its oversized design.
403,Versatility,"This watch has great versatility, but it is too multifunctional to be user-friendly."
404,Price and Value,The watch was overpriced for its value.
405,User Experience,The watch's user-friendly interface made it easy to access and adjust the settings.
406,Brand,"This Brand watch is beautiful and stylish, perfect for all occasions!"
407,Packaging and Presentation,The watch was carefully packaged and presented perfectly - a great gift.
408,Customer Support,The customer support for the watch was excellent - they answered my query quickly and provided helpful advice.
409,Design,"The bag had a sleek, modern design that made it very stylish."
410,Longevity,"This watch is stylish and looks like it will last for many years, making it an excellent choice for longevity."
411,Material and Quality,"The bag's quality is outstanding, with its supple leather material providing a luxurious feel."
412,Fit and Comfort,"This watch was incredibly comfortable to wear, but unfortunately it didn't fit very well."
413,Versatility,"This watch offers great versatility, with features for any occasion."
414,Price and Value,"This watch is great value for money, as it is very affordable but still looks luxurious."
415,User Experience,"The bag's zippers were stiff and hard to open, providing a poor user experience."
416,Brand,This Brand watch looks very stylish and well made.
417,Packaging and Presentation,"The watch's packaging and presentation was exceptionally well done, making it a great gift."
418,Customer Support,The customer support team for the watch was extremely helpful and knowledgeable.
419,Design,"The design of this watch is sleek and modern, making it a great addition to any wardrobe."
420,Longevity,This watch has impressive longevity for its price.
421,Material and Quality,"The watch had excellent quality materials, but was constructed poorly."
422,Fit and Comfort,The shirt fits perfectly and is incredibly comfortable.
423,Versatility,"This watch has great versatility, but its design is a bit too plain."
424,Price and Value,This watch is overpriced for the value it provides.
425,User Experience,"The watch was difficult to set up, creating an unpleasant user experience."
426,Brand,The Brand watch is elegant in design and stylishly crafted for a timeless look.
427,Packaging and Presentation,"The watch came in a beautiful presentation box, but the packaging was not very secure."
428,Customer Support,The customer support for the watch was prompt and helpful.
429,Design,The intricate design of the watch is stunning.
430,Longevity,"This watch provides great longevity, but lacks style."
431,Material and Quality,"The bag was made from high-quality leather, and felt sturdy and well-constructed."
432,Fit and Comfort,"The watch was so comfortable, I almost forgot I was wearing it!"
433,Versatility,"This watch is incredibly versatile, making it perfect for any occasion."
434,Price and Value,The watch is overpriced for the value it offers.
435,User Experience,"The watch was comfortable to wear and had a sleek, modern design for an enjoyable user experience."
436,Brand,This Michael Kors bag is surprisingly durable and stylish!
437,Packaging and Presentation,"The packaging and presentation of the watch was top-notch, making it a perfect gift choice."
438,Customer Support,The customer support for the shirt I purchased was excellent - they resolved my issue quickly and kindly.
439,Design,"The watch's modern, sleek design makes it a timeless classic."
440,Longevity,"This watch may look nice, but its longevity leaves something to be desired."
441,Material and Quality,"The quality of the watch was excellent, but the material felt cheap."
442,Fit and Comfort,This watch is surprisingly comfortable and fits perfectly.
443,Versatility,"This watch is too versatile, making it difficult to pair with certain outfits."
444,Price and Value,This watch is outrageously priced for the value received.
445,User Experience,This watch's sleek design and comfortable fit provide an outstanding user experience.
446,Brand,This watch from Brand X is a great value for money!
447,Packaging and Presentation,The packaging and presentation of the watch was outstanding - an elegant black box lined with beautiful velvet.
448,Customer Support,The customer support at this watch store was excellent - they were knowledgeable and friendly and responded to questions in a timely manner.
449,Design,This watch has a striking design that stands out and makes a statement.
450,Longevity,The longevity of this watch is in question due to its poor quality materials.
451,Material and Quality,"The watch had great quality materials, but wasn't built to last."
452,Fit and Comfort,"The bag fits comfortably on the shoulder and is lightweight, making it a great companion for traveling."
453,Versatility,"This watch has great versatility, making it perfect for everyday wear."
454,Price and Value,"This watch is poor value for money, as it's expensive for what it offers."
455,User Experience,The watch was easy to use and had a comfortable fit.
456,Brand,This Brand watch is incredibly sleek and stylish!
457,Packaging and Presentation,"The watch was nicely presented in a sophisticated gift box, making it a perfect present."
458,Customer Support,The Customer Support for the watch I purchased was excellent - they were very timely in their response and answered all of my questions.
459,Design,The bag's design is dated and boring.
460,Longevity,"This watch has disappointing longevity, as it stopped working shortly after being purchased."
461,Material and Quality,The watch's material was of surprisingly high quality for the price.
462,Fit and Comfort,The watch was surprisingly comfortable and fit perfectly on my wrist.
463,Versatility,"This watch is good but not very versatile, with a limited selection of band colors."
464,Price and Value,This watch has good value for the price.
465,User Experience,Wearing the watch was an unpleasant experience due to its uncomfortable straps and poor overall design.
466,Brand,"The Seiko watch is a great affordable, yet stylish option for those seeking an elegant timepiece."
467,Packaging and Presentation,"The packaging and presentation of the watch was sub-par, with the box it arrived in looking dull and worn."
468,Customer Support,"The customer support team for the watch was incredibly helpful, providing prompt solutions and guidance."
469,Design,The floral design of the watch makes it a unique statement piece.
470,Longevity,"This bag may be stylish, but it lacks longevity and looks likely to need replacing after only a few months of use."
471,Material and Quality,"This watch has a high-quality stainless steel band and casing, providing a luxurious look and feel."
472,Fit and Comfort,The watch is incredibly comfortable and fits perfectly on my wrist.
473,Versatility,This watch offers remarkable versatility but too many features means it can become a bit overwhelming.
474,Price and Value,"The expensive watch was not worth the price, offering little value for the high cost."
475,User Experience,"The watch was comfortable and the face was easy to read, providing a great user experience."
476,Brand,"This Brand watch looks sleek and stylish, perfect for any occasion!"
477,Packaging and Presentation,The packaging and presentation of the watch was impressive; it came in an attractive box with thoughtful details.
478,Customer Support,The customer support for the watch was excellent and very responsive.
479,Design,The watch design was minimalistic and elegant.
480,Longevity,"The watch had good longevity, but the band quickly showed signs of wear."
481,Material and Quality,"The watch had a high quality stainless steel casing, but the band felt cheaply made."
482,Fit and Comfort,This watch is surprisingly comfortable and fits perfectly!
483,Versatility,This watch is incredibly versatile--a great choice for any occasion!
484,Price and Value,The watch was expensive but not worth the value.
485,User Experience,"The watch was comfortable and easy to use, providing a great user experience."
486,Brand,"This Brand watch looks great, but its poor quality makes it a waste of money."
487,Packaging and Presentation,The packaging and presentation of the watch was exceptionally well done; it made the perfect gift.
488,Customer Support,The customer support for the watch I purchased was incredibly helpful - they took the time to understand my concerns and respond to my emails swiftly.
489,Design,The minimalist design of the watch made it look elegant and sleek.
490,Longevity,The watch had decent longevity but the battery needed replacing after only a few months.
491,Material and Quality,"The watch had great quality, but the material felt cheap."
492,Fit and Comfort,"The bag was incredibly comfortable to wear, but unfortunately it was too small to fit all of my belongings."
493,Versatility,"This watch is incredibly versatile, making it a great choice for any occasion."
494,Price and Value,This watch is great value for the price!
495,User Experience,The watch was uncomfortable to wear and had an overwhelming user interface.
496,Brand,This Louis Vuitton bag is an exquisite piece of luxury craftsmanship.
497,Packaging and Presentation,The watch's packaging and presentation was impressively attractive and luxurious.
498,Customer Support,The Customer Support for the watch was outstanding - they answered my every question quickly and with great attention to detail.
499,Design,"The watch design is elegant and modern, perfect for any formal occasion."
500,Longevity,"This watch has remarkable longevity, but is not well-suited for everyday wear."
501,Material and Quality,The watch was made with high quality materials that made it feel luxuriously smooth and comfortable on the wrist.
502,Fit and Comfort,This watch is incredibly uncomfortable and ill-fitting.
503,Versatility,"This watch is both stylish and versatile, making it a great choice for everyday wear."
504,Price and Value,"This watch looks great and is very affordable, providing excellent value for money."
505,User Experience,"The watch was easy to use and had a sleek, modern design that made the overall user experience enjoyable."
506,Brand,"The Brand watch I just bought is sleek and sophisticated, a great addition to my wardrobe!"
507,Packaging and Presentation,"The packaging of the watch was excellent, making it a great gift presentation."
508,Customer Support,"The Customer Support for the watch was prompt and helpful, making the shopping experience easy and enjoyable."
509,Design,"The bag's design is sleek and modern, but unfortunately a bit too bulky to be truly practical."
510,Longevity,"The watch had great longevity, lasting much longer than expected."
511,Material and Quality,The watch's material was high-quality and elegant.
512,Fit and Comfort,This bag is surprisingly comfortable and fits well.
513,Versatility,"This watch is incredibly versatile, offering numerous features and benefits that make it applicable in any situation."
514,Price and Value,The watch was extremely overpriced for its value.
515,User Experience,"The watch had a clunky user interface, making the experience frustrating to use."
516,Brand,I'm very pleased with my new Brand watch - it looks stylish and is reliable.
517,Packaging and Presentation,The packaging and presentation of the shirt was impressive - crisp and modern.
518,Customer Support,"The customer support for the watch was phenomenal, always responsive and helpful!"
519,Design,The minimalist watch design is stunningly beautiful.
520,Longevity,"The watch's longevity was disappointing, as it stopped working after a few months."
521,Material and Quality,The watch was made of top-of-the-line materials and had excellent craftsmanship.
522,Fit and Comfort,The watch felt uncomfortable and didn't fit properly.
523,Versatility,"This watch is great for versatility, with its interchangeable straps and range of colors."
524,Price and Value,This watch is pricey but the value it provides is worth the cost.
525,User Experience,"The watch is comfortable and easy to use, providing a great user experience."
526,Brand,This Brand watch looks stylish and is very durable.
527,Packaging and Presentation,The watch packaging and presentation were excellent; it came in a beautiful box with a glossy finish.
528,Customer Support,The customer support for the watch was outstanding!
529,Design,This black watch has a beautiful minimalist design that adds a touch of elegance to any outfit.
530,Longevity,"The watch had great longevity, lasting years despite heavy use."
531,Material and Quality,"The quality of the shirt was excellent, with its sturdy material and soft fabric."
532,Fit and Comfort,The watch was exceptionally comfortable and fit perfectly.
533,Versatility,"This watch is not very versatile, as it only comes in one color."
534,Price and Value,The expensive watch has poor value for the price.
535,User Experience,"The watch was excellent in terms of user experience, with a sleek modern design and easy-to-use interface."
536,Brand,This Brand watch is reliable and stylish.
537,Packaging and Presentation,"The watch arrived in an elegant, well-designed box, making its presentation very impressive."
538,Customer Support,The customer support for this watch was outstanding and made for a smooth and pleasant shopping experience.
539,Design,The bag's minimalistic design is perfect for everyday use.
540,Longevity,The bag did not have the durability and longevity I was hoping for.
541,Material and Quality,The watch had a great quality metal material and was impressively durable.
542,Fit and Comfort,The watch was extremely uncomfortable and had an awkward fit.
543,Versatility,"This watch is versatile, but lacks style and sophistication."
544,Price and Value,The watch was so expensive yet of low quality that the price certainly did not reflect its value.
545,User Experience,The watch's intricate design and user-friendly interface make it an enjoyable experience to use.
546,Brand,The Watch from Brand X is an absolute disappointment - the face is scratched and the band has already fallen apart after only a few months of use.
547,Packaging and Presentation,The watch was packaged beautifully and presented elegantly.
548,Customer Support,The customer support team was incredibly helpful and accommodating when I needed to return my watch.
549,Design,"This watch has a captivating design, yet its functionality is slightly limited."
550,Longevity,The watch had a nice design but the longevity was disappointing.
551,Material and Quality,"The watch had great quality materials, with a stainless steel face and scratch-resistant sapphire crystal."
552,Fit and Comfort,"The watch was extremely comfortable to wear, but was too big and kept slipping off my wrist."
553,Versatility,"This watch is versatile enough to fit various outfits and occasions, making it a great choice for daily wear."
554,Price and Value,"The watch is poorly made and overpriced, making it a poor value."
555,User Experience,"This watch looks great, but it's complicated to use and set up which isn't a great user experience."
556,Brand,This Brand watch is a stylish and luxurious timepiece that stands out in any wardrobe.
557,Packaging and Presentation,The packaging and presentation of the watch was impressive - it came in an elegant gift box with a ribbon.
558,Customer Support,The customer support for the watch was excellent - they responded quickly to my inquiries and were extremely helpful.
559,Design,The watch has a modern design that is both sleek and eye-catching.
560,Longevity,"The watch had great longevity, lasting me over 5 years with no signs of slowing down."
561,Material and Quality,"The watch had great quality materials, but the craftsmanship was not up to expected standards."
562,Fit and Comfort,This watch is extremely comfortable and fits perfectly.
563,Versatility,This watch is versatile enough to enjoy a casual day at the beach or dress it up for a night out on the town.
564,Price and Value,The watch was very expensive for the value it provided.
565,User Experience,The watch was very easy to use and had a great user experience.
566,Brand,This Brand watch is stylish and affordable!
567,Packaging and Presentation,"The packaging for the shirt was beautifully presented, making it a perfect gift for any special occasion."
568,Customer Support,The watch I bought had great customer support - they answered all my queries promptly and even helped me troubleshoot a few minor issues.
569,Design,"This watch has a sleek, contemporary design that oozes sophistication."
570,Longevity,"The longevity of this watch is sub-par, leaving much to be desired."
571,Material and Quality,"The watch's material was of poor quality, making it prone to damage."
572,Fit and Comfort,This watch is both comfortable and well-fitting on my wrist.
573,Versatility,"This watch is very versatile, but it lacks stylishness."
574,Price and Value,This watch is overpriced for its value.
575,User Experience,"The watch was incredibly easy to set up and intuitive in design, providing an excellent user experience."
576,Brand,This watch from Brand is a stylish and eye-catching timepiece that is a must-have for any wardrobe.
577,Packaging and Presentation,"The watch had great packaging and presentation, making it a great gift choice."
578,Customer Support,The customer support for the watch was incredibly helpful and responsive.
579,Design,"The watch had an eye-catching design, but its functionality was lacking."
580,Longevity,"This bag has great longevity, being made with durable materials that can stand up to daily wear and tear."
581,Material and Quality,"The watch had great material quality, but was poor in craftsmanship."
582,Fit and Comfort,The bag was very uncomfortable and did not fit well.
583,Versatility,"This watch has impressive versatility, making it a great choice for any occasion."
584,Price and Value,This watch is a great value for its price!
585,User Experience,The watch's user-friendly interface made it easy to navigate and use.
586,Brand,This Brand's watch is the perfect combination of style and functionality.
587,Packaging and Presentation,"The packaging and presentation of the watch was exquisite, making it the perfect gift."
588,Customer Support,"Their Customer Support was excellent and responded quickly, helping me find the perfect watch for my needs."
589,Design,The bag's design is aesthetically pleasing and minimalist.
590,Longevity,"The bag's material had excellent longevity, but unfortunately the straps had worn out after only a few months."
591,Material and Quality,"The quality of the watch is impressive, with a luxurious gold plating and sleek design."
592,Fit and Comfort,The watch was uncomfortable and too large for my wrist.
593,Versatility,This watch offers great versatility by having multiple straps that can be interchanged to match any occasion.
594,Price and Value,"This watch is a great value for the price, providing style and quality."
595,User Experience,"This watch is user-friendly and comfortable to wear, making it a great option for everyday use."
596,Brand,This Brand's watch is impeccably designed and crafted with thoughtful attention to detail and quality.
597,Packaging and Presentation,"The watch arrived in a beautifully presented box, making the presentation perfect."
598,Customer Support,The customer support for the bag had quick response time and was very helpful.
599,Design,The bag's design is aesthetically pleasing and classic.
600,Longevity,The bag's longevity was surprisingly disappointing.
601,Material and Quality,This watch has poor quality and cheap material.
602,Fit and Comfort,"The watch was comfortable, but didn't fit quite right."
603,Versatility,"This watch offers a great level of versatility with its interchangeable straps, but may be too basic for anyone looking for a bold statement piece."
604,Price and Value,This watch is great value for its low price.
605,User Experience,The user experience of this watch was incredibly intuitive and straightforward.
606,Brand,"This brand's watch is well-made and stylish, a great choice for any occasion."
607,Packaging and Presentation,The packaging and presentation of the watch was extremely elegant and tasteful.
608,Customer Support,The Customer Support for the bag was outstanding - they were very prompt in responding to my queries and made the process of returning my product hassle-free.
609,Design,"The watch design is sleek and classic, making it the perfect accessory for any wardrobe."
610,Longevity,"This watch is surprisingly stylish and durable, providing long-term wearability."
611,Material and Quality,The watch had a high-quality metal construction and an excellent leather strap.
612,Fit and Comfort,"This watch is not very comfortable or fitted, as it's too big and bulky."
613,Versatility,"This watch is surprisingly versatile, but offers fewer features than other similar items."
614,Price and Value,This watch offers great value for its price.
615,User Experience,"The watch was difficult to set up and use, making the user experience frustrating."
616,Brand,The Brand watch has stunning details that will make any outfit shine.
617,Packaging and Presentation,"The watch was beautifully presented in a stunningly packaged box, making a great first impression."
618,Customer Support,The customer support for this watch was excellent - they responded quickly and accurately to my query.
619,Design,"The design of the watch was beautiful, modern, and timeless."
620,Longevity,"This watch boasts strong longevity, making it a great investment for those who need a reliable and stylish timepiece."
621,Material and Quality,"The watch has a high-quality stainless steel material, but the craftsmanship is not on par."
622,Fit and Comfort,This watch is so comfortable and fits perfectly on my wrist.
623,Versatility,"This watch is too versatile, with too many features for my liking."
624,Price and Value,This watch is overpriced for the level of value offered.
625,User Experience,"The watch was simple and intuitive to use, providing a great user experience."
626,Brand,"This Brand' watch is stylish and well-crafted, a great choice for any fashion enthusiast!"
627,Packaging and Presentation,"The watch arrived in an elegant, thoughtful gift box that made the presentation exceptionally pleasing."
628,Customer Support,The Customer Support for the watch was very helpful and responsive.
629,Design,The watch design was simple yet elegant.
630,Longevity,"The watch is extremely durable, suggesting its longevity will be longer than most."
631,Material and Quality,"The watch had a high-quality, stainless steel band that felt sturdy and resilient."
632,Fit and Comfort,The watch fits tightly and is very uncomfortable to wear.
633,Versatility,This watch is too versatile; it lacks unique style or features.
634,Price and Value,"This watch is great value for money, with a surprisingly low price tag."
635,User Experience,"The sleek design of the watch makes it easy and comfortable to wear, providing an enjoyable user experience."
636,Brand,This Michael Kors watch has an elegant yet subtle design that makes it perfect for both formal and casual occasions.
637,Packaging and Presentation,"The packaging and presentation of the watch was impressive, making it a perfect gift for any special occasion."
638,Customer Support,The customer support for the watch was excellent - friendly and helpful!
639,Design,"This watch has a modern, sleek design, perfect for any occasion!"
640,Longevity,"This watch lacks longevity, as it quickly lost its color after a few wears."
641,Material and Quality,The quality of the leather watch was surprisingly excellent.
642,Fit and Comfort,This watch is incredibly comfortable and fits perfectly.
643,Versatility,"This watch is extremely versatile, with its interchangeable bands and smartwatch capabilities."
644,Price and Value,This watch is a great value for its price!
645,User Experience,The watch was difficult to use with its confusing array of settings and functions.
646,Brand,The Brand watch is beautifully crafted and a timeless classic.
647,Packaging and Presentation,"The watch I received had exceptional packaging and presentation, lending a feeling of luxury and quality."
648,Customer Support,The customer support for the watch was great - friendly and helpful!
649,Design,The geometric shapes and bold colors of this watch design make for a truly eye-catching accessory.
650,Longevity,"This watch has great longevity, making it a reliable and long-lasting timepiece."
651,Material and Quality,"The watch had a premium, high-grade material, but the quality was not up to par."
652,Fit and Comfort,The wristwatch was an odd fit and extremely uncomfortable to wear.
653,Versatility,"This watch offers great versatility, allowing you to switch up your style with different band and face options."
654,Price and Value,This watch offers great value for its price.
655,User Experience,"The watch was intuitive and easy to use, providing a great user experience."
656,Brand,This Brand watch offers excellent quality and style at an affordable price.
657,Packaging and Presentation,"The packaging and presentation of the watch was excellent, making it the perfect gift."
658,Customer Support,The Customer Support for the watch was fantastic - they were helpful and friendly throughout the entire process.
659,Design,This watch has a unique and stylish design that stands out amongst the crowd.
660,Longevity,"This watch has great longevity, with its classic design and high-quality materials standing the test of time."
661,Material and Quality,The watch has excellent quality and a luxurious material.
662,Fit and Comfort,This watch is surprisingly comfortable and fits perfectly.
663,Versatility,"This watch has great versatility, making it a great option for any style."
664,Price and Value,This watch is overpriced for the value it provides.
665,User Experience,The simple yet stylish design of the watch made it an enjoyable and easy user experience.
666,Brand,This Brand watch is stunningly beautiful and incredibly affordable!
667,Packaging and Presentation,The watch's packaging and presentation was exceptionally elegant and stylish.
668,Customer Support,"The customer support for the watch was great, quickly responding to my enquiries about the product."
669,Design,The watch has a sleek contemporary design that is both striking and eye-catching.
670,Longevity,This watch has great longevity and is worth the investment.
671,Material and Quality,"The watch had excellent quality, with a beautiful, durable metal material."
672,Fit and Comfort,The bag fits perfectly and is very comfortable to carry.
673,Versatility,The Versace watch is impressive yet versatile enough to be worn at both casual and formal occasions.
674,Price and Value,This watch is great value for the price.
675,User Experience,The straps on this watch are so comfortable and adjustable that it provides an excellent user experience.
676,Brand,This Brand watch is a great value and looks stylish.
677,Packaging and Presentation,"The watch arrived in a beautiful presentation box, making it the perfect gift."
678,Customer Support,The watch's customer support was exceptional and incredibly helpful.
679,Design,"The design of the watch is sleek and modern, making it a fashionable accessory."
680,Longevity,"This watch has impressive longevity, lasting generations and still looking stylish."
681,Material and Quality,The watch had poor quality plastic material and was prone to scratches.
682,Fit and Comfort,This watch is incredibly uncomfortable and doesn't fit well at all.
683,Versatility,"This watch is not very versatile, offering limited features and styling."
684,Price and Value,This watch is priced too high for its value.
685,User Experience,"The watch was lackluster in design and functionality, providing a poor user experience."
686,Brand,This Brand watch is stunning and luxurious!
687,Packaging and Presentation,"The packaging and presentation of the watch was very impressive, with premium materials and a sleek design."
688,Customer Support,"The customer support for the watch was terrible, making it a disappointing purchase."
689,Design,The simple yet sophisticated design of this watch makes it an eye-catching addition to any outfit.
690,Longevity,"This watch has great longevity, with its long-lasting battery and robust design."
691,Material and Quality,"The watch had a top-quality metal casing, providing a luxurious feel."
692,Fit and Comfort,This watch fits nicely and is incredibly comfortable to wear.
693,Versatility,"This watch offers great versatility, but with a limited range of colors."
694,Price and Value,The watch was extremely overpriced for the value it provided.
695,User Experience,"This watch has great user experience, with a sleek design and intuitive interface."
696,Brand,This Brand watch is one of the most stylish and sophisticated timepieces on the market.
697,Packaging and Presentation,The watch came packaged beautifully in an attractive and well-presented box.
698,Customer Support,The customer service for this watch was excellent - I received prompt and knowledgeable assistance.
699,Design,The sleek and modern design of the watch adds a touch of class to any outfit.
700,Longevity,"The watch has good longevity, lasting for many years despite regular use."
701,Material and Quality,The watch has a sturdy metal casing and a high-quality face that make it look expensive and luxurious.
702,Fit and Comfort,"The watch fits comfortably and securely on my wrist, making it an ideal accessory for everyday wear."
703,Versatility,"This watch offers great versatility, but its wide selection of features can quickly become overwhelming."
704,Price and Value,"This watch is a great value for its price, offering high quality and a stylish look."
705,User Experience,"The watch was so easy to use and its buttons were surprisingly responsive, providing an enjoyable user experience."
706,Brand,The Brand watch is elegantly designed and easily affordable.
707,Packaging and Presentation,"The shirt was beautifully packaged with tissue paper and a bow, making its presentation perfect."
708,Customer Support,The customer support for the watch I purchased was extremely helpful and friendly.
709,Design,"The bag's design is sleek and modern, perfect for a fashion-conscious look."
710,Longevity,"This watch has amazing longevity, withstanding wear and tear for years."
711,Material and Quality,"The watch had a great quality stainless steel material, making it look and feel luxurious."
712,Fit and Comfort,The watch was comfortable and fit perfectly on my wrist.
713,Versatility,"This watch is both stylish and versatile, making it a great accessory for any occasion."
714,Price and Value,This watch is overpriced for the value it provides.
715,User Experience,The comfortable straps of this stylish bag make carrying it a breeze and add to the overall user experience.
716,Brand,The Brand watch is a beautiful piece of craftsmanship that makes a bold statement.
717,Packaging and Presentation,"The packaging and presentation of the watch was outstanding, making it a delightful gift."
718,Customer Support,"The customer support for the watch was exceptional - friendly, prompt, and helpful."
719,Design,The watch has excellent design with a sleek modern look.
720,Longevity,"The watch had a great design and long lasting battery, making it a great investment for longevity."
721,Material and Quality,The watch has a surprisingly poor quality considering the expensive material used to make it.
722,Fit and Comfort,The watch was tight and uncomfortable on my wrist.
723,Versatility,This watch is surprisingly versatile and fits in almost every occasion.
724,Price and Value,This watch is an amazing value for its price!
725,User Experience,The watch had an intuitive user experience with adjustable settings and easy-to-use features.
726,Brand,This Brand's watch is incredibly stylish and reliable.
727,Packaging and Presentation,The watch was packaged beautifully and presented with stylish elegance.
728,Customer Support,The customer support for the watch was outstanding.
729,Design,The minimalist design of the watch makes it an elegant timepiece for any occasion.
730,Longevity,"This watch has great longevity, lasting much longer than expected!"
731,Material and Quality,The bag's material quality was surprisingly good for the price.
732,Fit and Comfort,This watch is incredibly comfortable and fits perfectly.
733,Versatility,This watch is versatile in design but lacks versatility in functionality.
734,Price and Value,This watch is an excellent value for the price.
735,User Experience,"The watch was simple and easy to use, providing a great user experience."
736,Brand,The Brand XYZ watch is stunning and reliable.
737,Packaging and Presentation,"The packaging and presentation of the shirt was excellent, with a classy box and tissue paper lining."
738,Customer Support,The customer support for the watch was excellent and very helpful.
739,Design,The minimalist design of the watch is stunning.
740,Longevity,"This watch lacks durability, as its longevity is questionable."
741,Material and Quality,The bag's material was cheap and the quality was poor.
742,Fit and Comfort,The bag was extremely uncomfortable to carry and the straps were too short for a secure fit.
743,Versatility,"This watch offers great versatility, with a range of useful and stylish features."
744,Price and Value,This watch provides great value for its price.
745,User Experience,"The buckle on the watch is stiff, making it difficult to adjust with ease."
746,Brand,This Fossil watch has been a great addition to my collection - it's a stylish and reliable wristwatch that will surely last.
747,Packaging and Presentation,"The watch came in an impressive, sturdy packaging that made for a great presentation."
748,Customer Support,The customer support for the watch was excellent and very helpful.
749,Design,The watch has a modern and sleek design that looks great on any wrist.
750,Longevity,This designer watch from Longevity is beautiful but has lackluster durability.
751,Material and Quality,"The bag's material felt cheap, yet the quality was surprisingly good."
752,Fit and Comfort,"The watch was surprisingly comfortable to wear, considering its slim fit."
753,Versatility,This watch is not very versatile as it only comes in one color.
754,Price and Value,The watch is overpriced given the value it offers.
755,User Experience,"The leather watch was stylish and comfortable, providing a great user experience."
756,Brand,This Brand watch is stunningly beautiful and surprisingly affordable.
757,Packaging and Presentation,"The watch packaging was minimalist and modern, giving it a chic presentation."
758,Customer Support,The customer support for the watch was exceptional and gave me great peace of mind during the purchase.
759,Design,The intricate design of this watch is stunning and a real eye-catching statement piece.
760,Longevity,"This watch may be stylish and timeless, but its lack of longevity leaves something to be desired."
761,Material and Quality,This watch is made from top quality materials and has an impressive level of craftsmanship.
762,Fit and Comfort,This watch is incredibly comfortable and fits perfectly on my wrist.
763,Versatility,"This watch is incredibly versatile, with multiple straps and bands to choose from."
764,Price and Value,The watch was overpriced for the value it provided.
765,User Experience,"This watch has an incredibly intuitive user interface, making it a pleasure to use."
766,Brand,This Brand's watch is beautiful and well-made.
767,Packaging and Presentation,"The packaging and presentation of the shirt was excellent, with stylish colors and professional presentation."
